Ingredientes,Porciones
Mozzarella Cheese,16
Provolone Cheese,3
Smoked Gouda Cheese,3
Romano Cheese,3
Blue Cheese,3
Garlic,43
Capocollo,7
Tomatoes,39
Goat Cheese,4
Artichokes,11
Peperoncini verdi,3
Mushrooms,15
Red Peppers,21
Green Peppers,6
Red Onions,29
Zucchini,5
Spinach,16
Kalamata Olives,8
Sun-dried Tomatoes,4
Feta Cheese,10
Plum Tomatoes,2
Chicken,11
Pineapple,6
Thai Sweet Chilli Sauce,3
Eggplant,2
Pesto Sauce,6
Anchovies,1
Green Olives,6
Pepperoni,9
Bacon,2
Prosciutto di San Daniele,2
Arugula,2
Italian Sausage,1
Chorizo Sausage,1
Jalapeno Peppers,7
Cilantro,6
Corn,6
Chipotle Sauce,6
Beef Chuck Roast,4
Ricotta Cheese,3
Gorgonzola Piccante Cheese,3
Parmigiano Reggiano Cheese,3
Barbecued Chicken,1
Barbecue Sauce,1
Â‘Nduja Salami,3
Pancetta,3
Friggitello Peppers,3
Artichoke,1
Fontina Cheese,4
Gouda Cheese,1
Asiago Cheese,5
Alfredo Sauce,2
Genoa Salami,1
Coarse Sicilian Salami,1
Luganega Sausage,1
Onions,1
Sliced Ham,3
Oregano,1
Calabrese Salami,2
Brie Carre Cheese,1
Prosciutto,1
Caramelized Onions,1
Pears,1
Thyme,1
Soppressata Salami,3
